{
    "kitchen":[
        {
            "prd_id":101,
            "prd_name":"microvowen",
            "prd_q":234
        },
        {
            "prd_id":102,
            "prd_name":"fridze",
            "prd_q":456
        }
    ],

    "fashon": [
        {
            "prd_id":201,
            "prd_name":"shirt",
            "prd_quan":12345
        },
         {
            "prd_id":202,
            "prd_name":"Jeans",
            "prd_quan":234567
        }
    ],

    "electronics":[
        {
              "prd_id":301,
            "prd_name":"laptop",
            "prd_quan":3456
        },
         {
              "prd_id":302,
            "prd_name":"mobiles",
            "prd_quan":12345677
        }
    ],
    "Sports":[
         {
             "prd_id":401,
            "prd_name":"shoe",
            "prd_quan":3456
        },
        {
             "prd_id":402,
            "prd_name":"cricket kit",
            "prd_quan":234567
        }
    ]

}